{
    "OpenConsole.exe": 12.438373565673828,
    "PvZBypass.exe": 351.3475389480591
}